 SELECT * FROM MsCity
 INSERT INTO MsCity VALUES 
 ('CI001','Jakarta'),('CI002','Tokyo'),('CI003','Dubai'),('CI004','London'), ('CI005','Barcelona'), ('CI006','Cairo'),
 ('CI007','Rio De Janiero'),('CI008','New York'),('CI009','New Delhi'),('CI010','Cape Town'),('CI011','Kyiv'),('CI012','Toronto')



  SELECT * FROM MsStaff
 INSERT INTO MsStaff VALUES  
 ('SF001','Donald Trump','CI008','Male','1999-12-19','trumpiess200@gmail.com','donaldDuck123'),
 ('SF002','Bambang Pamungkas','CI001','Male','1985-01-12','bambanganteng@gmail.com','bepe1985'),
 ('SF003','Ben White','CI004','Male','1992-08-01','itsbenziee@gmail.com','IAmWhiteYeah'), 
 ('SF004','Kym Ladell','CI012','Female','1982-05-21','ladellkym@gmail.com','kymieel201'),
 ('SF005','Bruno Gumaires','CI007','Male','1992-02-27','brunoGum@gmail.com','gumairezzz'),
 ('SF006','Takehiro Tomiyasu','CI002','Male','1995-08-04','iamTomyyy@gmail.com','tomiyasuu95'),
 ('SF007','Mahmoud Aboubakar','CI006','Male','1975-05-12','aboubakarrmahmoud@gmail.com','mahm0udAbu'),
 ('SF008','Siphiwe Tshabalala','CI010','Male','1978-12-12','tshabalalalalala@gmail.com','shipiweTshh78'),
 ('SF009','Alesha Lehmann','CI004','Female','1998-10-22','alesha2210@gmail.com','1ehnm4nn1998'),
 ('SF010','Ladoo Singh','CI009','Male','1979-12-14','singh200@gmail.com','ladoosinghthepolice'),
 ('SF011','Hakim Ziyech','CI003','Male','1990-03-15','syechziyech@gmail.com','ziyechTheBaller')


  
 INSERT INTO MsCustomer VALUES  
 ('CU001','Jack Wilshere','CI004','Male','1979-10-04','ItsJackieee@gmail.com','wilshareHasRetired'),
 ('CU002','Xavi Hernandez','CI005','Male','1977-03-15','XvieeeNandez@gmail.com','xavier1977'),
 ('CU003','Ratu Tisha','CI001','Female','1990-02-09','queentisha@gmail.com','Tishaaa1990'),
 ('CU004','Kaorou Mitoma','CI002','Male','1998-05-02','kaorou0298@gmail.com','m1t0m4koru'),
 ('CU005','Lauren Sinclair','CI012','Female','1991-12-17','laurenn1712@gmail.com','sinclair1719'),
 ('CU006','Belladonna Davenport','CI005','Female','1989-02-24','donnadavenport@gmail.com','amigobella24'),
 ('CU007','Neyra Darcy','CI010','Female','1987-09-03','neyneyra@gmail.com','n3yr4D4rcy'),
 ('CU008','Youssef En-Neysri','CI003','Male','1982-12-21','neysriii@gmail.com','yousneysri1982'),
 ('CU009','Roberto Carlos','CI007','Male','1976-02-03','carlosroberto@gmail.com','curveball99'),
 ('CU010','Oleksandr Zinchenko','CI011','Male','2001-12-05','oleksandr199@gmail.com','IamZinii'),
 ('CU011','Patrick Bamford','CI004','Male','1978-10-10','patrickbam@gmail.com','B4mforB00m'),
 ('CU012','Ryan Flemmings','CI008','Male','1994-04-21','flemmings94@gmail.com','Flam331nGs'),
 ('CU013','Rayyan Karim','CI003','Male','2004-10-04','RayyanGanteng@gmail.com','losGalacticos12'),
 ('CU014','Elon Musk','CI010','Male','1978-08-04','elontesla@gmail.com','XÆAE-12sr-71')

 
INSERT INTO MsAnimeGenre VALUES ('GE001','Drama'),('GE002','Fantasy'),('GE003','Romance'),('GE004','Psychologycal'),('GE005','Sports'),
								('GE006','Adventure'),('GE007','Action'),('GE008','Comedy'),('GE009','Horror'),('GE010','Mystery')


INSERT INTO MsAnime VALUES ('AN001','Naruto Shipudden','GE007',52.5,'The story about a young ninja named Naruto who seeks recognition from his peers and dreams of becoming the Hokage, the leader of his village.', 10) ,
                            ('AN002','HunterXHunter','GE006',82.75,'Gon is a kid who want to become a hunter. To achieve that goal he has to completing some challange to get the certified Hunter license. The adventure start from here!', 5),
							 ('AN003','Sinchan','GE008',7.2,'Funny kid', 2) ,
							  ('AN004','Purple Hyacinth','GE010',105.37,'An Detetctive that worked as ann officer who can detect a lie that team up with a deadly asassin who known as Purple Hyacinth', 18) ,
							   ('AN005','Kuroko No Basket','GE005',27.5,'Basketball', 10),
							    ('AN006','Titanic','GE003',18.20,'A love story that ended up in the pacific ocean', 18),
							     ('AN007','The Wizard of Oz','GE002',45,'All around you is just a fantasy !', 12),
							      ('AN008','Ghost Busters','GE009',31.2,'3 college students that also worked as a ghost hunter in the midnight', 17),
								   ('AN009','SpyXFamily','GE004',97,'Twilight is tasked with spying on  leader of the National Unity Party within Ostania by enroll a child in the same private school and pose as a fellow parent.', 10),
								    ('AN010','Neigbours','GE001',47.5,'2 Family who live in next door that always make some conflicts. However, they are a kind to each other. Are they?', 10),
									('AN011','Spirited Away','GE002',75.2,'a story about a teen that go into a onsen place that managed by a weird witch',2),
						             ('AN012','Howl Moving Castle','GE002',67.8,'a love story about howl (a crow human) and a human in a moving castle',10),
						              ('AN013','Demon Slayer','GE007',83.9,'a story about a boy with his demon sister who desire to be a demon slayer because their family killed by demon',13),
						               ('AN014','One Piece','GE007',100,'a story about a boy that desire to be pirate king',13),
							            ('AN015','Bluelock','GE005',98.2,'a story about national japanese soccer team that looking for the best player in japan',10),
										('AN016', 'Looney Tunes','GE003', 8.99, 'Classic animated comedy', 8),
										  ('AN017', 'The Simpsons','GE010', 11.99, 'Longest-running animated sitcom',15),
										   ('AN018', 'Frozen','GE002', 10.99, 'Disney princess tale set in icy lands',5),
											 ('AN019', 'Adventure Time','GE010', 9.99, 'Fantasy adventures with Finn and Jake',12),
											('AN020' , 'The Lion King','GE009', 13.99, 'Disneys animated tale of Simba',7),
											 ('AN021' , 'Dora the Explorer','GE004', 6.99, 'Educational adventures with Dora',3),
											('AN022' , 'Scooby-Doo','GE010', 7.99, 'Mystery-solving dog and his gang',10),
											   ('AN023' , 'Toy Story','GE009', 12.99, 'Animated toys come to life',6),
										       ('AN024' , 'Avatar: The Last Airbender','GE006', 15.99, 'Element-bending adventures',10),
												('AN025' , 'Peppa Pig','GE004', 5.99, 'Adventures of a cheeky little piggy',2)




INSERT INTO MsStudio VALUES ('SD001','Aniplex','CI002'),
								('SD002','Madhouse','CI002'),
								 ('SD003','Shin-Ei Animation','CI002'),
								  ('SD004','Webtoon','CI002'),
								   ('SD005','Production I.G','CI002'),
								    ('SD006',' 20th Century Fox','CI008'),
									 ('SD007','MGM','CI008'),
									  ('SD008','columbia','CI008'),
									   ('SD009','Shueisha Production','CI002'),
									    ('SD010','Point Grey Pictures','CI008')

       

	   INSERT INTO PurchaseHeader VALUES
('PU001','SF001','SD001','2020-01-01'),
('PU002','SF003','SD002','2020-02-02'),
('PU003','SF002','SD003','2020-03-03'),
('PU004','SF001','SD004','2020-04-04'),
('PU005','SF006','SD005','2020-05-05'),
('PU006','SF005','SD006','2020-06-23'),
('PU007','SF004','SD007','2021-07-23'),
('PU008','SF008','SD008','2021-08-23'),
('PU009','SF009','SD009','2021-09-09'),
('PU010','SF010','SD010','2021-10-12'),
('PU011','SF002','SD002','2021-10-23'),
('PU012','SF004','SD009','2021-11-22'),
('PU013','SF002','SD010','2021-11-24'),
('PU014','SF002','SD002','2021-11-25'),
('PU015','SF011','SD001','2021-12-11'),
('PU016','SF007','SD003','2021-12-17'),
('PU017','SF010','SD001','2021-12-22')

INSERT INTO PurchaseDetail  VALUES
('PU001','AN001'),
('PU001','AN018'),
('PU002','AN002'),
('PU003','AN003'),
('PU004','AN004'),
('PU004','AN019'),
('PU005','AN005'),
('PU005','AN020'),
('PU005','AN021'),
('PU006','AN006'),
('PU007','AN007'),
('PU007','AN022'),
('PU008','AN008'),
('PU009','AN009'),
('PU010','AN010'),
('PU010','AN023'),
('PU011','AN011'),
('PU012','AN012'),
('PU013','AN013'),
('PU014','AN024'),
('PU014','AN025'),
('PU014','AN014'),
('PU015','AN015'),
('PU016','AN016'),
('PU017','AN017')





INSERT INTO SalesHeader VALUES
('SA001','CU001','2022-02-21','Debit'),
('SA002','CU002','2022-02-27','Credit'),
('SA003','CU003','2022-03-15','Credit'),
('SA004','CU004','2022-04-04','Debit'),
('SA005','CU005','2022-05-30','Debit'),
('SA006','CU006','2022-06-22','Debit'),
('SA007','CU007','2022-10-23','Debit'),
('SA008','CU008','2023-11-12','Debit'),
('SA009','CU009','2023-01-09','Credit'),
('SA010','CU004','2023-02-22','Debit'),
('SA011','CU002','2023-04-13','Credit'),
('SA012','CU011','2023-05-12','Credit'),
('SA013','CU012','2023-08-10','Debit'),
('SA014','CU014','2023-09-11','Debit'),
('SA015','CU013','2023-09-04','Debit'),
('SA016','CU011','2023-11-12','Credit'),
('SA017','CU003','2023-12-09','Credit'),
('SA018','CU008','2023-12-11','Debit')

INSERT INTO SalesDetail VALUES 
('SA001','AN005',7),
('SA002','AN003',30),
('SA002','AN004',10),
('SA002','AN012',12),
('SA003','AN004',23),
('SA004','AN007',7),
('SA005','AN013',5),
('SA006','AN015',3),
('SA007','AN004',33),
('SA008','AN004',50),
('SA008','AN012',30),
('SA009','AN003',30),
('SA009','AN001',20),
('SA010','AN015',10),
('SA011','AN002',25),
('SA012','AN011',15),
('SA013','AN010',17),
('SA014','AN002',27),
('SA015','AN008',10),
('SA015','AN003',30),
('SA015','AN001',20),
('SA016','AN013',30),
('SA016','AN004',23),
('SA017','AN009',70),
('SA018','AN002',60)

